day,month_sugar,month,farm,mean_sugar_grams
135,July_sugar,July,B,1103.908907
135,July_sugar,July,CHH,2901.221241
135,July_sugar,July,CHM,7073.121102
135,July_sugar,July,CN,5408.977247
135,July_sugar,July,CW,2901.221241
135,July_sugar,July,ED,935.666824
135,July_sugar,July,EM,1589.380077
135,July_sugar,July,ET,3992.379379
135,July_sugar,July,LH,1400.366026
135,July_sugar,July,LM,1090.827751
135,July_sugar,July,MH,2908.319826
135,July_sugar,July,MN,2901.221241
135,July_sugar,July,OB,5302.816956
135,July_sugar,July,PH,2901.221241
18,March_sugar,March,B,0.450991959
18,March_sugar,March,CHH,1.697650867
18,March_sugar,March,CHM,0.217861523
18,March_sugar,March,CN,30.57234704
18,March_sugar,March,CW,1.697650867
18,March_sugar,March,ED,1.697650867
18,March_sugar,March,EM,2.645860955
18,March_sugar,March,ET,1.728597416
18,March_sugar,March,LH,0.037302007
18,March_sugar,March,LM,0.425123064
18,March_sugar,March,MH,14.86094291
18,March_sugar,March,MN,1.697650867
18,March_sugar,March,OB,4.336589733
18,March_sugar,March,PH,0.08085801
75,May_sugar,May,B,3832.820398
75,May_sugar,May,CHH,2038.662363
75,May_sugar,May,CHM,982.5395971
75,May_sugar,May,CN,1559.327924
75,May_sugar,May,CW,2038.662363
75,May_sugar,May,ED,2038.662363
75,May_sugar,May,EM,22969.39854
75,May_sugar,May,ET,2521.578271
75,May_sugar,May,LH,2025.181317
75,May_sugar,May,LM,3228.431061
75,May_sugar,May,MH,448.6007846
75,May_sugar,May,MN,2038.662363
75,May_sugar,May,OB,6301.292395
75,May_sugar,May,PH,807.1255273
200,Sept_sugar,September,B,1589.440298
200,Sept_sugar,September,CHH,1569.290471
200,Sept_sugar,September,CHM,1569.290471
200,Sept_sugar,September,CN,2425.659167
200,Sept_sugar,September,CW,1569.290471
200,Sept_sugar,September,ED,370.6453093
200,Sept_sugar,September,EM,775.57319
200,Sept_sugar,September,ET,763.4090364
200,Sept_sugar,September,LH,3014.370581
200,Sept_sugar,September,LM,767.5771024
200,Sept_sugar,September,MH,3056.610879
200,Sept_sugar,September,MN,1569.290471
200,Sept_sugar,September,OB,3064.661631
200,Sept_sugar,September,PH,670.4852857
